Date,ACWI,MEXICO,USA,BRAZIL,ALEMANIA,UK,FRANCIA,ESPANA,ITALIA,JAPON,CHINA,HONG KONG
31/01/2002,233.26,6927.87,1130.21,12721.5,5107.61,5164.8,4461.87,8050.4,32171,9997.8,1221.76,10725.3
28/02/2002,231.21,6734.44,1106.73,14033.3,5039.08,5101,4462.99,8135.5,31820,10587.83,1244.6,10482.55
29/03/2002,241.17,7361.86,1147.39,13254.5,5397.29,5271.8,4688.02,8249.7,33679,11024.94,1313.47,11032.92
30/04/2002,233.13,7480.74,1076.92,13085.1,5041.2,5165.6,4462.74,8154.4,32474,11492.54,1353.61,11497.58
31/05/2002,232.82,7031.64,1067.14,12861.4,4818.3,5085.1,4274.64,7949.9,30143,11763.7,1238.58,11301.94
28/06/2002,218.25,6460.95,989.81,11139.2,4382.56,4656.4,3897.99,6913,28091,10621.84,1431.18,10598.55
31/07/2002,199.73,6021.84,911.62,9762.6,3700.14,4246.2,3415.38,6249.3,25295,9877.94,1358.16,10267.36
30/08/2002,199.85,6216.43,916.07,10382.2,3712.94,4227.3,3366.21,6435.7,25553,9619.3,1361.3,10043.87
30/09/2002,177.63,5728.46,815.28,8622.5,2769.03,3721.8,2777.45,5431.7,21278,9383.29,1285.65,9072.21
31/10/2002,190.49,5967.73,885.76,10167.7,3152.85,4039.7,3150.04,6139.4,23557,8640.48,1225.34,9441.25
29/11/2002,200.6,6156.83,936.31,10508.8,3320.32,4169.4,3326.65,6685.6,25919,9215.56,1164.62,10069.87
31/12/2002,190.8,6127.09,879.82,11268.5,2892.63,3940.4,3063.91,6036.9,23508,8578.95,1103.64,9321.29
31/01/2003,185.03,5954.35,855.7,10941.1,2747.83,3567.4,2937.88,5947.7,22532,8339.94,1207.6,9258.95
28/02/2003,181.51,5927.06,841.15,10280.6,2547.05,3655.6,2754.07,5999.4,23279,8363.04,1213.86,9122.66
31/03/2003,180.2,5914.03,848.18,11273.6,2423.87,3613.3,2618.46,5870.5,21605,7972.71,1215.17,8634.45
30/04/2003,195.75,6509.88,916.92,12556.7,2942.04,3926,2953.67,6489.5,23887,7831.42,1239.95,8717.22
30/05/2003,206.54,6699.18,963.59,13421.6,2982.68,4048.1,2991.75,6508.5,24946,8424.51,1300.87,9487.38
30/06/2003,210.08,7054.99,974.5,12972.6,3220.58,4031.2,3084.1,6862,24676,9083.11,1214.55,9577.12
31/07/2003,214.46,7355.07,990.31,13571.7,3487.86,4157,3210.27,7061.7,25132,9563.21,1222.74,10134.83
29/08/2003,219.1,7591.42,1008.01,15174.5,3484.58,4161.1,3311.42,7111.3,25247,10343.55,1178.57,10908.99
30/09/2003,220.15,7822.48,995.97,16010.7,3256.78,4091.3,3134.99,6703.6,24615,10219.05,1127.14,11229.87
31/10/2003,233.24,8064.83,1050.71,17982.5,3655.99,4287.6,3373.2,7129.5,25973,10559.59,1111.62,12190.1
28/11/2003,236.42,8554.48,1058.2,20184,3745.95,4342.6,3424.79,7252.5,27156,10100.57,1142.97,12317.47
31/12/2003,251.13,8795.28,1111.92,22236.4,3965.16,4476.9,3557.9,7737.2,26887,10676.64,1194.74,12575.94
30/01/2004,255.2,9428.77,1131.13,21851.4,4058.6,4390.7,3638.44,7929.9,27774,10783.61,1281.33,13289.37
27/02/2004,259.51,9991.8,1144.94,21755,4018.16,4492.2,3725.44,8249.4,27957,11041.92,1351.61,13907.03
31/03/2004,257.43,10517.5,1126.21,22142.3,3856.7,4385.7,3625.23,8018.1,27148,11715.39,1384.95,12681.67
30/04/2004,250.93,9948.13,1107.31,19607.2,3985.21,4489.7,3674.28,8109.5,28020,11761.79,1239.72,11942.96
31/05/2004,252.28,10036.29,1120.68,19544.7,3921.41,4430.7,3669.63,7959.3,27355,11236.37,1206.84,12198.24
30/06/2004,256.89,10281.82,1140.84,21148.9,4052.73,4464.1,3732.99,8078.3,28092,11858.87,1078.48,12285.75
30/07/2004,248.45,10116.39,1101.72,22336.9,3895.61,4413.1,3647.1,7919.3,27538,11325.78,1088.68,12238.03
31/08/2004,249.51,10264.32,1104.24,22803.2,3785.21,4459.3,3594.28,7869.5,26913,11081.79,1055.97,12850.28
30/09/2004,254.37,10957.37,1114.58,23245.2,3892.9,4570.8,3640.61,8029.2,27794,10823.57,1109.32,13120.03
29/10/2004,260.38,11564.35,1130.2,23052.2,3960.25,4624.2,3706.82,8418.3,28681,10771.42,1050.3,13054.66
30/11/2004,274.17,12102.55,1173.82,25128.3,4126,4703.2,3753.75,8693,29615,10899.25,1062.81,14060.05
31/12/2004,284.52,12917.88,1211.92,26196.3,4256.08,4814.3,3821.16,9080.8,30903,11488.76,1000,14230.14
31/01/2005,278.3,13097.12,1181.27,24350.6,4254.85,4852.3,3913.69,9223.9,31334,11387.59,954.88,13721.69
28/02/2005,287.49,13789.46,1203.6,28139.1,4350.49,4968.5,4027.16,9391,31850,11740.6,1039.99,14195.35
31/03/2005,280.51,12676.9,1180.59,26610.7,4348.77,4894.4,4067.78,9258.8,32302,11668.95,942.2,13516.88
29/04/2005,273.7,12322.99,1156.85,24843.7,4184.84,4801.7,3911.71,9001.6,30911,11008.9,932.4,13908.97
31/05/2005,278.07,12964.39,1191.5,25207.1,4460.63,4964,4120.73,9427.1,31739,11276.59,855.95,13867.07
30/06/2005,280.44,13486.13,1191.33,25051.2,4586.28,5113.2,4229.35,9783.2,32343,11584.01,878.69,14201.06
29/07/2005,290.57,14409.66,1234.18,26042.4,4886.5,5282.3,4451.74,10115.6,33693,11899.6,888.16,14880.98
31/08/2005,292.2,14243.19,1220.33,28044.8,4829.69,5296.9,4399.36,10008.9,33520,12413.6,927.92,14903.55
30/09/2005,300.6,16120.08,1228.81,31583.8,5044.12,5477.7,4600.02,10813.9,34775,13574.3,917.39,15428.52
31/10/2005,292.32,15759.73,1207.01,30193.5,4929.07,5317.3,4436.45,10493.8,32782,13606.5,876.28,14386.37
30/11/2005,302.43,16830.96,1249.48,31916.8,5193.4,5423.2,4567.41,10557.8,34090,14872.15,873.83,14937.14
30/12/2005,309.63,17802.71,1248.29,33455.9,5408.26,5618.8,4715.23,10733.9,35704,16111.43,923.45,14876.43
31/01/2006,324.66,18907.1,1280.09,38382.8,5674.15,5760.3,4947.99,11104.3,36654,16649.82,1009.6,15753.14
28/02/2006,323.74,18706.32,1280.66,38610.4,5796.04,5791.5,5000.45,11740.7,37650,16205.43,1053.01,15918.48
31/03/2006,329.79,19272.63,1294.83,37952,5970.08,5964.6,5220.85,11854.3,37928,17059.66,1061.09,15805.04
28/04/2006,340.19,20646.19,1310.61,40363.4,6009.89,6023.1,5188.4,11892.5,37773,16906.23,1172.35,16661.3
31/05/2006,325.74,18677.92,1270.09,36530,5692.86,5723.8,4930.18,11340.5,36450,15467.33,1365.45,15857.89
30/06/2006,325.11,19147.17,1270.2,36630.7,5683.31,5833.4,4965.96,11548.1,36444,15505.18,1393.96,16267.62
31/07/2006,327.04,20095.93,1276.66,37077.1,5681.97,5928.3,5009.42,11818,36606,15456.81,1294.33,16971.34
31/08/2006,334.81,21049.35,1303.82,36232.2,5859.57,5906.1,5165.04,12144.7,37938,16140.76,1338.69,17392.27
29/09/2006,338.28,21937.11,1335.85,36449.4,6004.33,5960.8,5250.01,12934.7,38475,16127.58,1403.27,17543.05
31/10/2006,350.75,23046.95,1377.94,39262.8,6268.92,6129.2,5348.73,13753,39558,16399.39,1464.47,18324.35
30/11/2006,360.04,24962.01,1400.63,41931.8,6309.19,6048.8,5327.64,13849.3,40270,16274.33,1714.36,18960.48
29/12/2006,367.78,26448.32,1418.3,44473.7,6596.92,6220.8,5541.76,14146.5,41434,17225.83,2041.05,19964.72
31/01/2007,371.2,27561.49,1438.24,44641.6,6789.11,6203.1,5608.31,14553.2,42197,17383.42,2385.34,20106.42
28/02/2007,368.78,26638.95,1406.82,43892.3,6715.44,6171.5,5516.32,14248.4,41155,17604.12,2544.57,19651.51
30/03/2007,375.3,28747.69,1420.86,45804.7,6917.03,6308,5634.16,14641.7,41771,17287.65,2781.78,19800.93
30/04/2007,391.14,28996.71,1482.37,48956.4,7408.87,6449.2,5960.04,14374.6,43755,17400.41,3558.71,20318.98
31/05/2007,401.52,31398.96,1530.62,52268.5,7883.04,6621.4,6104,15329.4,43079,17875.75,3927.95,20634.47
29/06/2007,399.79,31151.05,1503.35,54392.1,8007.32,6607.9,6054.93,14892,41954,18138.36,3764.08,21772.73
31/07/2007,393.34,30659.66,1455.28,54182.5,7584.14,6360.1,5751.08,14802.4,40221,17248.89,4460.56,23184.94
31/08/2007,391.49,30347.86,1473.99,54637.2,7638.17,6303.3,5662.7,14479.8,40187,16569.09,5296.81,23984.14
28/09/2007,411.92,30296.19,1526.75,60465.1,7861.51,6466.8,5715.69,14576.5,39889,16785.69,5580.81,27142.47
31/10/2007,427.63,31458.67,1549.38,65317.7,8019.22,6721.6,5847.95,15890.5,40512,16737.63,5688.54,31352.58
30/11/2007,408.1,29770.52,1481.14,63006.2,7870.52,6432.5,5670.57,15759.9,38975,15680.67,4737.41,28643.61
31/12/2007,403.25,29536.83,1468.36,63886.1,8067.32,6456.9,5614.08,15182.3,38554,15307.78,5338.28,27812.65
31/01/2008,369.93,28793.64,1378.55,59490.4,6851.75,5879.8,4869.79,13229,34230,13592.47,4620.4,23455.74
29/02/2008,370.41,28918.52,1330.63,63489.3,6748.13,5884.3,4790.66,13170.4,33587,13603.02,4674.55,24331.67
31/03/2008,363.99,30912.99,1322.7,60968.1,6534.97,5702.1,4707.07,13269,31616,12525.54,3790.53,22849.2
30/04/2008,383.3,30281.41,1385.59,67868.5,6948.82,6087.3,4996.54,13798.3,33954,13849.99,3959.12,25755.35
30/05/2008,387.75,31975.47,1400.38,72592.5,7096.79,6053.5,5014.28,13600.9,33225,14338.54,3611.33,24533.12
30/06/2008,355.4,29395.49,1280,65017.6,6418.32,5625.9,4434.85,12046.2,29346,13481.38,2791.82,22102.01
31/07/2008,345.75,27501.02,1267.38,59505.2,6479.56,5411.9,4392.36,11881.3,28331,13376.81,2805.21,22731.1
29/08/2008,337.61,26290.99,1282.83,55680.4,6422.3,5636.6,4482.6,11707.3,28789,13072.87,2391.64,21261.89
30/09/2008,294.79,24888.9,1166.36,49541.3,5831.02,4902.45,4032.1,10987.5,25530,11259.86,2243.66,18016.21
31/10/2008,236.11,20445.32,968.75,37256.8,4987.97,4377.34,3487.07,9116,21367,8576.98,1663.66,13968.67
28/11/2008,220.05,20534.72,896.24,36595.9,4669.44,4288.01,3262.68,8910.6,19985,8512.27,1829.92,13888.24
31/12/2008,227.68,22380.32,903.25,37550.3,4810.2,4434.17,3217.97,9195.8,19460,8859.56,1817.72,14387.48
30/01/2009,208.02,19565.14,825.88,39300.8,4338.35,4149.64,2973.92,8450.4,17934,7994.05,2032.68,13278.21
27/02/2009,187.17,17752.18,735.09,38183.3,3843.74,3830.09,2702.48,7620.9,15282,7568.42,2140.49,12811.57
31/03/2009,202.04,19626.75,797.87,40925.9,4084.76,3926.14,2807.34,7815,15875,8109.53,2507.79,13576.02
30/04/2009,225.24,21898.85,872.81,47289.5,4769.45,4243.71,3159.85,9038,19176.54,8828.26,2622.93,15520.99
29/05/2009,246.69,24331.71,919.14,53197.7,4940.82,4417.94,3277.65,9424.3,19883.63,9522.5,2759.71,18171
30/06/2009,244.9,24368.38,919.32,51465.5,4808.64,4249.21,3140.44,9787.8,19063.12,9958.44,3166.47,18378.73
31/07/2009,266.14,27043.5,987.48,54765.7,5332.14,4608.36,3426.27,10855.1,20575.52,10356.83,3734.62,20573.33
31/08/2009,275.1,28129.95,1020.63,56489,5464.61,4908.9,3653.54,11365.1,22420.43,10492.53,2830.27,19724.19
30/09/2009,287.23,29232.24,1057.08,61517.9,5675.16,5133.9,3795.41,11756.1,23472.73,10133.23,3004.81,20955.25
30/10/2009,282.59,28646.03,1036.2,61545.5,5414.96,5044.55,3607.69,11414.8,22060.33,10034.74,3280.37,21752.87
30/11/2009,293.67,30957.11,1095.63,67044.4,5625.95,5190.68,3680.15,11644.7,21928.16,9345.55,3511.67,21821.5
31/12/2009,299.44,32120.47,1115.1,68588.4,5957.43,5412.88,3936.33,11940,23248.39,10546.44,3575.68,21872.5
29/01/2010,286.33,30391.61,1073.87,65401.8,5608.79,5188.52,3739.46,10947.7,21896.29,10198.04,3204.16,20121.99
26/02/2010,289.5,31634.54,1104.49,66503.3,5598.46,5354.52,3708.8,10333.6,21068.32,10126.03,3281.67,20608.7
31/03/2010,307.4,33266.43,1169.43,70371.5,6153.55,5679.64,3974.01,10871.3,22847.97,11089.94,3345.61,21239.35
30/04/2010,307.35,32687.32,1186.69,67529.7,6135.7,5553.29,3816.99,10492.2,21562.48,11057.4,3067.37,21108.59
31/05/2010,277.17,32038.53,1089.41,63046.5,5964.33,5188.43,3507.56,9359.4,19543.97,9768.7,2773.26,19765.19
30/06/2010,268.25,31156.97,1030.71,60935.9,5965.52,4916.87,3442.89,9263.4,19311.75,9382.64,2563.07,20128.99
30/07/2010,289.75,32308.74,1101.6,67515.4,6147.97,5258.02,3643.14,10499.8,21021.56,9537.3,2868.85,21029.81
31/08/2010,279.06,31679.85,1049.33,65145.4,5925.22,5225.22,3490.79,10187,19734.57,8824.06,2903.19,20536.49
30/09/2010,305.16,33330.34,1141.2,69429.8,6229.02,5548.62,3715.18,10514.5,20505.2,9369.35,2935.57,22358.17
29/10/2010,315.95,35568.22,1183.26,70673.3,6601.37,5675.16,3833.5,10812.9,21450.61,9202.45,3379.98,23096.32
30/11/2010,308.38,36817.32,1180.55,67705.4,6688.49,5528.27,3610.44,9267.2,19105.71,9937.04,3136.99,23007.99
31/12/2010,330.64,38550.79,1257.64,69304.8,6914.19,5899.94,3804.78,9859.1,20173.29,10228.92,3128.26,23035.45
31/01/2011,335.58,36982.24,1286.12,66574.9,7077.48,5862.94,4005.5,10806,22050.45,10237.92,3076.51,23447.34
28/02/2011,344.82,37019.7,1327.22,67383.2,7272.32,5994.01,4110.35,10850.8,22466.57,10624.09,3239.56,23338.02
31/03/2011,343.64,37440.51,1325.83,68586.7,7041.31,5908.76,3989.18,10576.5,21727.44,9755.1,3223.29,23527.52
29/04/2011,356.9,36962.62,1363.61,66132.9,7514.46,6069.9,4106.92,10878.9,22417.96,9849.74,3192.72,23720.81
31/05/2011,347.9,35832.79,1345.2,64620.1,7293.69,5989.99,4006.94,10476,21109.75,9693.73,3001.56,23684.13
30/06/2011,341.82,36558.07,1320.64,62403.6,7376.24,5945.71,3982.21,10359.9,20186.94,9816.09,3044.09,22398.1
29/07/2011,335.9,35999.34,1292.28,58823.4,7158.77,5815.19,3671.28,9630.7,18433.68,9833.03,2972.08,22440.25
31/08/2011,310.62,35721.1,1218.89,56495.1,5784.85,5394.53,3256.76,8718.6,15563.2,8955.2,2846.78,20534.85
30/09/2011,280.64,33503.28,1131.42,52324.4,5502.02,5128.48,2981.96,8546.6,14836.33,8700.29,2581.35,17592.41
31/10/2011,310.41,36159.99,1253.3,58338.4,6141.34,5544.22,3242.84,8954.9,16017.73,8988.39,2695.31,19864.87
30/11/2011,300.45,36829.15,1246.96,56875,6088.84,5505.42,3154.62,8449.5,15268.66,8434.61,2521.52,17989.35
30/12/2011,299.51,37077.52,1257.61,56754.1,5898.35,5572.28,3159.81,8566.3,15089.74,8455.35,2345.74,18434.39
31/01/2012,316.65,37422.68,1312.41,63072.3,6458.91,5681.61,3298.55,8509.2,15828.05,8802.51,2464.26,20390.49
29/02/2012,331.93,37816.69,1365.68,65811.7,6856.08,5871.51,3452.45,8465.9,16351.41,9723.24,2634.14,21680.08
30/03/2012,333.3,39521.24,1408.47,64511,6946.83,5768.45,3423.81,8008,15980.07,10083.56,2454.9,20555.58
30/04/2012,328.67,39461,1397.91,61820.3,6761.19,5737.78,3212.8,7011,14592.34,9520.89,2626.16,21094.21
31/05/2012,297.98,37872.95,1310.33,54490.4,6264.38,5320.86,3017.01,6089.8,12873.84,8542.73,2632.04,18629.52
29/06/2012,312.11,40199.55,1362.16,54354.6,6416.28,5571.15,3196.65,7102.2,14274.37,9006.78,2461.61,19441.46
31/07/2012,316.02,40704.28,1379.32,56097.1,6772.26,5635.28,3291.66,6738.1,13890.99,8695.06,2332.92,19796.81
31/08/2012,322.14,39421.65,1406.58,57061.4,6970.79,5711.48,3413.07,7420.5,15100.48,8839.91,2204.87,19482.57
28/09/2012,331.58,40866.96,1440.67,59175.9,7216.15,5742.07,3354.82,7708.5,15095.84,8870.16,2293.11,20840.38
31/10/2012,329.07,41619.96,1412.16,57068.2,7260.63,5782.7,3429.27,7842.9,15539.71,8928.29,2254.82,21641.82
30/11/2012,332.64,41833.52,1416.18,57474.6,7405.5,5866.82,3557.28,7934.6,15808.24,9446.01,2139.66,22030.39
31/12/2012,339.75,43705.83,1426.19,60952.1,7612.39,5897.81,3641.07,8167.5,16273.38,10395.18,2522.95,22656.92
31/01/2013,355.1,45278.06,1498.11,59761.5,7776.05,6276.88,3732.6,8362.3,17439.06,11138.66,2686.88,23729.53
28/02/2013,354.43,44120.99,1514.68,57424.3,7741.7,6360.81,3723,8230.3,15921.25,11559.36,2673.33,23020.27
29/03/2013,360.06,44077.09,1569.19,56352.1,7795.31,6411.74,3731.42,7920,15338.72,12397.91,2495.08,22299.63
30/04/2013,369.42,42263.48,1597.57,55910.4,7913.71,6430.12,3856.75,8419,16767.66,13860.86,2447.31,22737.01
31/05/2013,367.19,41588.32,1630.74,53506.1,8348.84,6583.09,3948.59,8320.6,17214.08,13774.54,2606.43,22392.16
28/06/2013,355.81,40623.3,1606.28,47457.1,7959.22,6215.47,3738.91,7762.7,15239.28,13677.32,2200.64,20803.29
31/07/2013,372.49,40837.88,1685.73,48234.5,8275.97,6621.06,3992.69,8433.4,16482.35,13668.32,2193.02,21883.66
30/08/2013,363.98,39484.46,1632.97,50011.8,8103.15,6412.93,3933.78,8290.5,16682.21,13388.86,2313.91,21731.37
30/09/2013,382.07,40185.23,1681.55,52338.2,8594.4,6462.22,4143.44,9186.1,17434.86,14455.8,2409.04,22859.86
31/10/2013,397.11,41038.65,1756.54,54256.2,9033.92,6731.43,4299.89,9907.9,19351.52,14327.94,2373.72,23206.37
29/11/2013,402.05,42499.13,1805.81,52482.5,9405.3,6650.57,4295.21,9837.6,19021.48,15661.87,2438.94,23881.29
31/12/2013,408.55,42727.09,1848.36,51507.2,9552.16,6749.09,4295.95,9916.7,18967.71,16291.31,2330.03,23306.39
31/01/2014,391.92,40879.75,1782.59,47639,9306.48,6510.44,4165.72,9920.2,19418.34,14914.53,2202.45,22035.42
28/02/2014,410.13,38782.89,1859.45,47094.4,9692.08,6809.7,4408.08,10114.2,20442.41,14841.07,2178.97,22836.96
31/03/2014,411.02,40461.6,1872.34,50414.9,9555.91,6598.37,4391.5,10340.5,21691.92,14827.83,2146.3,22151.06
30/04/2014,414.09,40711.56,1883.95,51626.7,9603.23,6780.03,4487.39,10459,21783.38,14304.11,2158.66,22133.97
30/05/2014,421.53,41362.51,1923.57,51239.3,9943.27,6844.51,4519.57,10798.7,21629.71,14632.38,2156.46,23081.65
30/06/2014,428.75,42737.17,1960.23,53168.2,9833.07,6743.94,4422.84,10923.5,21283.03,15162.1,2165.12,23190.72
31/07/2014,423.04,43817.69,1930.67,55829.4,9407.48,6730.11,4246.14,10707.2,20570.8,15620.77,2350.25,24756.85
29/08/2014,431.55,45628.09,2003.37,61288.1,9470.17,6819.75,4381.04,10728.8,20450.49,15424.59,2338.29,24742.06
30/09/2014,416.85,44985.66,1972.29,54116,9474.3,6622.72,4416.24,10825.5,20892.11,16173.52,2450.99,22932.98
31/10/2014,419.45,45027.52,2018.05,54628.6,9326.87,6546.47,4233.09,10477.8,19783.99,16413.76,2508.32,23998.06
28/11/2014,425.82,44190.47,2067.56,54724,9980.85,6722.62,4390.18,10770.7,20014.82,17459.85,2808.82,23987.45
31/12/2014,417.12,43145.66,2058.9,50007.4,9805.55,6566.09,4272.75,10279.5,19011.96,17450.77,3533.71,23605.04
30/01/2015,410.33,40950.58,1994.99,46907.7,10694.32,6749.4,4604.25,10403.3,20503.38,17674.39,3434.39,24507.05
27/02/2015,432.47,44190.17,2104.5,51583.1,11401.66,6946.66,4951.48,11178.3,22337.79,18797.94,3572.84,24823.29
31/03/2015,424.76,43724.78,2067.89,51150.2,11966.17,6773.04,5033.64,11521.1,23157.12,19206.99,4051.2,24900.89
30/04/2015,436.3,44582.39,2085.51,56229.4,11454.38,6960.63,5046.49,11385,23045.52,19520.01,4749.89,28133
29/05/2015,434.51,44703.62,2107.39,52760.5,11413.82,6984.43,5007.89,11217.6,23495.68,20563.15,4840.83,27424.19
30/06/2015,423.51,45053.7,2063.11,53080.9,10944.97,6520.98,4790.2,10769.5,22460.71,20235.73,4473,26250.03
31/07/2015,426.78,44752.93,2103.84,50864.8,11308.99,6696.28,5082.61,11180.7,23538.03,20585.24,3816.7,24636.28
31/08/2015,396.73,43721.96,1972.18,46625.5,10259.46,6247.94,4652.95,10259,21941.92,18890.48,3366.54,21670.58
30/09/2015,381.65,42632.54,1920.03,45059.3,9660.44,6061.61,4455.29,9559.9,21294.98,17388.15,3202.95,20846.3
30/10/2015,411.25,44542.76,2079.36,45868.8,10850.14,6361.09,4897.66,10360.7,22442.51,19083.1,3534.08,22640.04
30/11/2015,407.2,43418.55,2080.41,45120.4,11382.23,6356.09,4957.6,10386.9,22717.98,19747.47,3566.41,21996.42
31/12/2015,399.36,42977.5,2043.94,43350,10743.01,6242.32,4637.06,9544.2,21418.37,19033.71,3731,21914.4
29/01/2016,375.02,43630.77,1940.24,40406,9798.11,6083.79,4417.02,8815.8,18657.29,17518.3,2946.09,19683.11
29/02/2016,371.66,43714.93,1932.23,42793.9,9495.4,6097.09,4353.55,8461.4,17623.07,16026.76,2877.47,19111.93
31/03/2016,398.26,45881.08,2059.74,50055.3,9965.51,6174.9,4385.06,8723.1,18116.88,16758.67,3218.09,20776.7
29/04/2016,403.34,45784.77,2065.3,53910.5,10038.97,6241.89,4428.96,9025.7,18600.56,16666.05,3156.75,21067.05
31/05/2016,402.57,45459.45,2096.96,48471.7,10262.74,6230.79,4505.62,9034,18025.25,17234.98,3169.56,20815.09
30/06/2016,399.29,45966.49,2098.86,51526.9,9680.09,6504.33,4237.48,8163.3,16197.78,15575.92,3153.92,20794.37
29/07/2016,416.09,46660.67,2173.6,57308.2,10337.5,6724.43,4439.81,8587.2,16846.86,16569.27,3203.93,21891.37
31/08/2016,416.61,47541.32,2170.95,57901.1,10592.69,6781.51,4438.22,8716.8,16943.38,16887.4,3327.79,22976.88
30/09/2016,418.43,47245.8,2168.27,58367,10511.02,6899.33,4448.26,8779.4,16401,16449.84,3253.28,23297.15
31/10/2016,411.01,48009.28,2126.15,64924.5,10665.01,6954.22,4509.26,9143.3,17125.05,17425.02,3336.28,22934.54
30/11/2016,413.43,45315.96,2198.81,61906.4,10640.3,6783.79,4578.34,8688.2,16930.41,18308.48,3538,22789.77
30/12/2016,421.84,45642.9,2238.83,60227.3,11481.06,7142.83,4862.31,9352.1,19234.58,19114.37,3310.08,22000.56
31/01/2017,433.13,47001.06,2278.87,64670.8,11535.31,7099.15,4748.9,9315.2,18590.73,19041.34,3387.96,23360.78
28/02/2017,444.5,46856.79,2363.64,66662.1,11834.41,7263.44,4858.58,9555.5,18913.28,19118.99,3452.81,23740.73
31/03/2017,448.87,48541.56,2362.72,64984.1,12312.87,7322.92,5122.51,10462.9,20492.94,18909.26,3456.05,24111.59
28/04/2017,455.17,49261.33,2384.2,65403.2,12438.01,7203.94,5267.33,10715.8,20609.16,19196.74,3439.75,24615.13
31/05/2017,463.79,48788.44,2411.8,62711.5,12615.06,7519.95,5283.63,10880,20731.68,19650.57,3492.88,25660.65
30/06/2017,465.09,49857.49,2423.41,62900,12325.12,7312.72,5120.68,10444.5,20584.23,20033.43,3666.8,25764.58
31/07/2017,477.58,51011.88,2470.3,65920.4,12118.25,7372,5093.77,10502.2,21486.91,19925.18,3737.87,27323.99
31/08/2017,478.41,51210.48,2471.65,70835.1,12055.84,7430.62,5085.59,10299.5,21670.02,19646.24,3822.09,27970.3
29/09/2017,486.88,50346.06,2519.36,74293.5,12828.86,7372.76,5329.81,10381.5,22696.32,20356.28,3836.5,27554.3
31/10/2017,496.62,48625.53,2575.26,74308.5,13229.57,7493.08,5503.29,10523.5,22793.69,22011.61,4006.72,28245.54
30/11/2017,505.44,47092.45,2647.58,71971,13023.98,7326.67,5372.79,10211,22368.29,22724.96,4006.1,29177.35
29/12/2017,513.03,49354.42,2673.61,76402.1,12917.64,7687.77,5312.56,10043.9,21853.34,22764.94,4030.86,29919.15
31/01/2018,541.67,50456.17,2823.81,84912.7,13189.48,7533.55,5481.93,10451.5,23507.06,23098.29,4275.9,32887.27
28/02/2018,518.08,47437.93,2713.83,85353.6,12435.85,7231.91,5320.49,9840.3,22607.61,22068.24,4023.64,30844.72
30/03/2018,505.81,46124.85,2640.87,85365.6,12096.73,7056.61,5167.3,9600.4,22411.15,21454.3,3898.5,30093.38
30/04/2018,509.69,48358.16,2648.05,86115.5,12612.11,7509.3,5520.5,9980.6,23979.37,22467.87,3756.88,30808.45
31/05/2018,508.77,44662.55,2705.27,76753.6,12604.89,7678.2,5398.4,9465.5,21784.18,22201.82,3802.38,30468.56
29/06/2018,505.2,47663.2,2718.37,72762.5,12306,7636.93,5323.53,9622.7,21626.27,22304.51,3510.99,28955.11
31/07/2018,519.82,49698.01,2816.29,79220.4,12805.5,7748.76,5511.3,9870.7,22215.69,22553.72,3517.66,28583.01
31/08/2018,522.88,49547.68,2901.52,76677.5,12364.06,7432.42,5406.85,9399.1,20269.47,22865.15,3334.5,27888.55
28/09/2018,524.25,49504.16,2913.98,79342.4,12246.73,7510.2,5493.49,9389.2,20711.7,24120.04,3438.87,27788.52
31/10/2018,484.57,43942.55,2711.74,87423.6,11447.51,7128.1,5093.44,8893.5,19050.22,21920.46,3153.82,24979.69
30/11/2018,490.86,41732.78,2760.17,89504,11257.24,6980.24,5003.92,9077.2,19188.97,22351.06,3172.69,26506.75
31/12/2018,455.66,41640.27,2506.85,87887.3,10558.96,6728.13,4730.69,8539.9,18324.03,20014.77,3010.65,25845.7
31/01/2019,491.19,43987.94,2704.1,97393.7,11173.1,6968.85,4992.72,9056.7,19730.78,20773.49,3201.63,27942.47
28/02/2019,503.48,42823.8,2784.49,95584.4,11515.64,7074.73,5240.53,9277.7,20659.46,21385.16,3669.37,28633.18
29/03/2019,508.55,43281.28,2834.4,95414.6,11526.04,7279.19,5350.53,9240.3,21286.13,21205.81,3872.34,29051.36
30/04/2019,524.84,44597.32,2945.83,96353.3,12344.08,7418.22,5586.41,9570.6,21881.33,22258.73,3913.21,29699.11
31/05/2019,492.12,42749.16,2752.06,97030.3,11726.84,7161.71,5207.63,9004.2,19802.11,20601.19,3629.79,26901.09
28/06/2019,523.44,43161.17,2941.76,100967.2,12398.8,7425.63,5538.97,9198.8,21234.79,21275.92,3825.59,28542.62
31/07/2019,524.35,40863.09,2980.38,101812.1,12189.04,7586.78,5518.9,8971,21398.19,21521.53,3835.36,27777.75
30/08/2019,510.88,42622.5,2926.46,101134.6,11939.28,7207.18,5480.48,8812.9,21322.9,20704.37,3799.59,25724.73
30/09/2019,520.65,43011.27,2976.74,104745.3,12428.08,7408.21,5677.79,9244.6,22107.7,21755.84,3814.53,26092.27
31/10/2019,534.41,43337.28,3037.56,107219.8,12866.79,7248.38,5729.86,9257.5,22693.77,22927.04,3886.75,26906.72
29/11/2019,546.7,42820.18,3140.98,108233.3,13236.38,7346.53,5905.17,9352,23259.33,23293.91,3828.67,26346.49
31/12/2019,565.24,43541.02,3230.78,115645.3,13249.01,7542.44,5978.06,9549.2,23506.37,23656.62,4096.58,28189.75
31/01/2020,558.62,44108.31,3225.52,113760.6,12981.97,7286.01,5806.34,9367.9,23237.03,23205.18,4003.9,26312.63
28/02/2020,512.76,41324.31,2954.22,104171.6,11890.35,6580.61,5309.9,8723.2,21984.21,21142.96,3940.05,26129.93
31/03/2020,442.35,34554.53,2584.59,73019.8,9935.84,5671.96,4396.12,6785.4,17050.94,18917.01,3686.16,23603.48
30/04/2020,489.17,36470.11,2912.43,80505.9,10861.64,5901.21,4572.18,6922.3,17690.49,20193.69,3912.58,24643.59
29/05/2020,509.47,36122.73,3044.31,87402.6,11586.85,6076.6,4695.44,7096.5,18197.56,21877.89,3867.02,22961.47
30/06/2020,524.91,37716.43,3100.29,95055.8,12310.93,6169.74,4935.99,7231.4,19375.52,22288.14,4163.96,24427.19
31/07/2020,551.89,37019.68,3271.12,102912.2,12313.36,5897.76,4783.69,6877.4,19091.93,21710,4695.05,24595.35
31/08/2020,584.86,36840.73,3500.31,99369.2,12945.38,5963.57,4947.22,6969.5,19633.69,23139.76,4816.22,25177.05
30/09/2020,565.15,37458.69,3363,94603.4,12760.73,5866.1,4803.44,6716.6,19015.27,23185.12,4587.4,23459.05
30/10/2020,551,36987.86,3269.96,93952.4,11556.48,5577.27,4594.24,6452.2,17943.11,22977.13,4695.33,24107.42
30/11/2020,618.27,41778.88,3621.63,108893.3,13291.16,6266.19,5518.55,8076.9,22060.98,26433.62,4960.25,26341.49
31/12/2020,646.27,44066.88,3756.07,119017.2,13718.78,6460.52,5551.41,8073.7,22232.9,27444.17,5211.29,27231.13
29/01/2021,642.91,42985.73,3714.24,115067.6,13432.87,6407.46,5399.21,7757.5,21572.53,27663.39,5351.96,28283.71
26/02/2021,657.15,44592.91,3811.15,110035.2,13786.29,6483.43,5703.22,8225,22848.58,28966.01,5336.76,28980.21
31/03/2021,673.29,47246.26,3972.89,116633.7,15008.34,6713.63,6067.23,8580,24648.56,29178.8,5048.36,28378.35
30/04/2021,701.83,48009.72,4181.17,118893.8,15135.91,6969.81,6269.48,8815,24141.16,28812.63,5123.49,28724.88
28/05/2021,711.15,50040.75,4204.11,125561.4,15519.98,7022.61,6484.11,9224.6,25169.39,29149.41,5321.09,29124.41
